campaign,negative_keyword,match_type
Search | TX Tools | Jul 2026 | PAUSED,free will kit pdf,Phrase
Search | TX Tools | Jul 2026 | PAUSED,will template download free,Phrase
Search | TX Tools | Jul 2026 | PAUSED,probate lawyer,Phrase
Search | TX Tools | Jul 2026 | PAUSED,estate planning jobs,Phrase
Search | TX Tools | Jul 2026 | PAUSED,estate planning salary,Phrase
Search | TX Tools | Jul 2026 | PAUSED,living will forms free print,Phrase
Search | TX Tools | Jul 2026 | PAUSED,california,Exact
Search | TX Tools | Jul 2026 | PAUSED,florida,Exact
Search | TX Tools | Jul 2026 | PAUSED,new york,Exact
